gene,bootstrap_ratio
TIRAP,-3.00288915314
TMEM266,-3.00290780974
PANK1,-3.00344622767
PCDH11Y,-3.00740868095
SECISBP2,-3.00753603268
C4orf33,-3.00865808793
GLIS1,-3.00935115177
CMPK1,-3.01043051162
CPLX1,-3.01071311575
KLHDC1,-3.01280452368
LYPD5,-3.01367746529
MPHOSPH9,-3.01380160441
SULT2B1,-3.01619893301
AKAP6,-3.01854890527
MTG1,-3.01863404938
SELENOO,-3.01982481084
FGFR1OP2,-3.02019533659
PDE4B,-3.02097496747
PGBD1,-3.02323037713
CDK13,-3.02422179149
CNOT10,-3.02423784566
CCNB1,-3.02580645759
ZNF615,-3.02728716223
ACER2,-3.0274392357
LRRC49,-3.02850951147
PCDHB8,-3.0292453015
MRPL15,-3.03049014013
TTC39A,-3.03054703935
ARID2,-3.03061317582
MICAL2,-3.03206802554
CEP162,-3.03461798059
HAUS3,-3.0355162174
LUZP1,-3.03559623922
GFRA2,-3.03587858106
ZNF397,-3.03608530703
ACSF3,-3.03622403216
NFATC3,-3.03632690272
LOC100996385,-3.03708541393
NSUN5,-3.03722127705
DPY19L1P1,-3.0376024663
KIF2C,-3.03828316886
PHKA1,-3.03858214306
CKMT2-AS1,-3.03887664077
ABCB9,-3.03925146045
FBXL6,-3.03929199511
LINC01361,-3.04042158298
BOLA3,-3.04120557324
ZNF668,-3.0413573883
IFRD2,-3.04172134298
RPA3,-3.04313951304
ISCA1,-3.04416623987
RCAN2,-3.04646779073
EVA1C,-3.04763074345
HR,-3.04871060077
RFPL1S,-3.05115408135
PNMA2,-3.05237470391
MAPK10,-3.05262650616
HES6,-3.05380446831
ENDOG,-3.05459622669
CDS1,-3.05533097998
ZNF772,-3.05838932285
ANKRD29,-3.06116766152
ARMCX4,-3.06238662137
NOXO1,-3.06275545347
NALCN,-3.06325029813
SHPRH,-3.06355321893
SLC35A4,-3.06356862457
SCAI,-3.06372018785
ALS2,-3.06510959751
NAPA,-3.06537296674
PHKA2,-3.0654585639
AZGP1,-3.06714297775
THYN1,-3.0676824403
RAD54B,-3.06849004795
DDX55,-3.07008952734
TACC1,-3.07061356438
NCOR1P1,-3.07090083784
PARG,-3.07134880394
GPHN,-3.07313178936
AGO1,-3.07347825513
ANKRD13D,-3.07423094597
ZCCHC3,-3.07915895599
MIRLET7BHG,-3.08053650555
TOE1,-3.0806466358
POMK,-3.08065703257
WASHC1,-3.08208276325
ZNF483,-3.08293238861
INTS8,-3.08544709021
RRP9,-3.08571566075
CEBPE,-3.08760390752
METAP2,-3.08921315983
CNOT1,-3.09816511406
KREMEN2,-3.09819559541
CCDC69,-3.09906221948
STARD9,-3.10009582905
KLRA1P,-3.10027637952
RASAL2,-3.10141371365
GPCPD1,-3.10156644356
HECW1,-3.10497486103
LAMB3,-3.10602721124
RGPD4,-3.11002153108
UTP23,-3.11015620806
SUMF2,-3.11067726391
ZNF717,-3.11296701881
LOC151174,-3.11308444021
CLUL1,-3.11335052371
SLC45A1,-3.11378252227
CSPG4P1Y,-3.11426154438
MAEL,-3.11599881789
ZC3H6,-3.11913229367
EML5,-3.12102053343
GRK2,-3.1216701074
SP9,-3.12194716928
SMCHD1,-3.12211440657
KDM2B,-3.12292189083
CLVS2,-3.1235090958
DUSP7,-3.12522590882
ABHD6,-3.12744090366
GPAT2,-3.12821488432
LOC100506476,-3.12847663096
DCAF1,-3.12997050602
UBAP1L,-3.13004463816
ALKBH3,-3.13098686029
DIRAS2,-3.13177711149
TIMM8A,-3.13185439114
SETD7,-3.13193870023
ZNF630,-3.13366722066
INPP5J,-3.13370948523
LOC100129138,-3.13517618179
ZMAT4,-3.13837482226
SLC46A3,-3.13838501588
SEPT12,-3.13848587409
GNB5,-3.13866649718
GGTLC1,-3.13875039818
DDX31,-3.13916350889
MYC,-3.13931255829
ANXA6,-3.1403188049
CYP26B1,-3.14250720311
FAM104A,-3.14300158246
FES,-3.14380259961
ZBTB11,-3.14533130651
FAM133CP,-3.14722697342
LOC100287497,-3.1491127014
KBTBD12,-3.14952034577
INTS4P1,-3.14977514693
GLI4,-3.15035078043
PKM,-3.15059897718
LOC105376360,-3.15184240448
MARF1,-3.1523077243
RHOBTB2,-3.15272600062
SMPX,-3.15497310229
DEFB131A,-3.15692572397
DHRS11,-3.15760606205
RHOBTB1,-3.15955804829
NPC1L1,-3.16041199612
C17orf97,-3.16088555402
TXNRD2,-3.16343102923
ZBTB7C,-3.16420191377
UBL7,-3.16494461358
DCBLD1,-3.16518866503
VWDE,-3.16528317037
FRAT2,-3.16583419146
RNASEH2B,-3.16686546457
ZNF574,-3.17089894337
OPRL1,-3.17090522848
CDK6,-3.17207205683
GABPA,-3.17284378158
SLC5A6,-3.1735555947
WDPCP,-3.17376134724
MTCL1,-3.17428184754
ZNF502,-3.174378558
LIN9,-3.17439062066
BTF3,-3.17589055587
TAS2R45,-3.17735954659
RSAD2,-3.17746862967
EXTL2,-3.17760357056
SPDL1,-3.17949142232
ENO2,-3.17960396137
MTF2,-3.18147062393
FIBP,-3.18168235358
SLFN11,-3.18199680498
L3HYPDH,-3.18201479403
IFNAR2,-3.18381608538
RAB39B,-3.18476493001
C12orf54,-3.18618665108
GREB1L,-3.18729464798
TCOF1,-3.18751126195
SLC25A52,-3.1900271542
MED20,-3.19004192764
MEIS1,-3.19019501389
KBTBD2,-3.19247698073
SNX21,-3.19257286231
HSD11B1,-3.19269500895
ADCY9,-3.19647533377
ZFX,-3.19678750931
TSNAX,-3.19681392081
SLC45A4,-3.19686611869
ZGRF1,-3.19788069685
MFAP3,-3.19883447457
SYCE1,-3.19918945304
METTL13,-3.20041825596
DMKN,-3.20123235732
KCNA1,-3.20205772982
GALP,-3.20305666828
RSBN1,-3.20349375973
MIAT,-3.20486661913
TNF,-3.20549402061
TMEM143,-3.20633100486
RALB,-3.20639624407
PRH2,-3.20684058769
NCAPD2,-3.20763217225
NDRG3,-3.2079564885
PTPN2,-3.20866040939
C7orf26,-3.210567493
ZNF189,-3.21067978094
PIGU,-3.2114777788
ELMO3,-3.21326250832
TSNAXIP1,-3.21381455959
CADM4,-3.21424061842
DGKI,-3.21430734654
ABHD14A,-3.21626048453
CYP2E1,-3.21689163309
MXI1,-3.217378699
MTHFD2L,-3.21827547053
UQCRC1,-3.21991071304
SH3RF2,-3.22296325644
SBNO1,-3.2247503964
NPIPA8,-3.22666446616
CDA,-3.22755618569
TRIM52,-3.2287056329
USP31,-3.23006651146
LOC389834,-3.23067668708
DIDO1,-3.23144111002
FGF7P6,-3.23263963057
MAP3K14,-3.23265836795
LCOR,-3.23670456655
TRMT10A,-3.24104902519
KCNH5,-3.2429473612
ZNF780B,-3.24343936069
GJB7,-3.24549797109
ZADH2,-3.24645017674
TOX2,-3.24675863185
CNKSR2,-3.24721081264
KTN1-AS1,-3.2478684049
AMH,-3.24794083654
OXSR1,-3.25154417826
RECQL4,-3.25176207815
L1TD1,-3.25187651174
GK5,-3.25385800667
AEBP2,-3.25564488585
CYTH3,-3.25837234934
FAM214A,-3.25947669971
MCF2L-AS1,-3.26093005419
CCDC57,-3.26104626104
GRIN2A,-3.26137982343
DNAJC17,-3.26160620662
NRAV,-3.2626185718
NXPE3,-3.26279803069
FOXRED1,-3.2634273804
KHDRBS2,-3.26416123587
DNMT3A,-3.26459376211
ALX3,-3.26527975999
ZNF354C,-3.26745593527
ABCC8,-3.26746451107
SPAG16,-3.26804639938
TMEM67,-3.26813257713
MAGI1,-3.26883411054
SCP2,-3.26999007711
FAM66B,-3.27001577441
PPP4R3B,-3.27217681397
DGAT1,-3.27277086848
C6orf136,-3.27369755166
POU2F2,-3.27446623873
CMYA5,-3.27458390384
ROCK1,-3.2769470878
BBOF1,-3.27733113775
ADRA2A,-3.27774942367
TBRG4,-3.27901416794
CHIC1,-3.2798334754
ZMYM5,-3.28723069192
CDKL2,-3.28919271044
C1orf174,-3.28992186217
ARHGEF33,-3.29033371353
FBXO40,-3.2907672844
RORA,-3.29127874388
TOP3B,-3.29163098245
LYSMD4,-3.29864094517
GAL3ST3,-3.29900359228
MAP2K6,-3.30071236972
RNF113A,-3.30279091631
THAP10,-3.30300786588
PMS1,-3.30404048945
SULT4A1,-3.30524863646
KCNH4,-3.305330736
TAZ,-3.3078467649
TRMT11,-3.3090820404
MYOT,-3.30986056455
ZNF3,-3.3100797515
BEND6,-3.31423091006
CASC15,-3.31674693759
PRDM1,-3.31747804435
SNAPC2,-3.32074470111
EMX1,-3.3214136002
RBM7,-3.32386789007
PCSK7,-3.32427017187
IDH3B,-3.32493649936
PLCXD1,-3.32556724964
IL1RAPL2,-3.32599446651
PURB,-3.326777155
RIOK2,-3.32711416278
C5orf24,-3.33035461628
ATP2B1,-3.33062266023
RPS6KA1,-3.33180730559
TRIM37,-3.33211114351
SNCB,-3.33290477754
NFKBIL1,-3.33297296354
ATXN7,-3.33376001595
PDE7B,-3.33474209364
SCRT1,-3.33547737614
STARD7-AS1,-3.33748994212
MROH5,-3.33878213456
N4BP1,-3.33902923098
CCDC22,-3.34060392458
ZNF74,-3.34163409037
HAPLN4,-3.34163909512
ANKRD37,-3.34322335152
SART1,-3.34373846859
FRMPD4,-3.34514776184
IMP3,-3.34766248563
IFNLR1,-3.34797948966
LEO1,-3.34847560298
EDC3,-3.34993006189
CCNE1,-3.35021065452
ARL13B,-3.35229439677
GABRA1,-3.35376757256
FOSL2,-3.35419275814
ZFP37,-3.35478363451
SYT16,-3.35550327148
HSPA4L,-3.35663185235
ZNF335,-3.35894727357
MTAP,-3.35966985441
TMEM177,-3.36667361823
TEPSIN,-3.36692702556
DAXX,-3.37026266465
EEF1A2,-3.37304419627
RAP2B,-3.37374862776
ADAMTS10,-3.37641932122
FAXC,-3.37673216963
BCOR,-3.37693484806
PRKAB2,-3.37898536761
RABEPK,-3.38000886583
USP38,-3.38072669292
RMDN2,-3.38096665164
CCDC58,-3.38206993372
PCNT,-3.38211092944
BNIPL,-3.38219451265
PPIE,-3.38244471354
CCDC146,-3.38567652337
ESS2,-3.38698550088
THOC1,-3.38892708406
MRPS26,-3.39058379741
TRMT2B,-3.39104024897
CDK14,-3.39409232376
DCP1A,-3.3945782896
ARNT,-3.39500753338
TIAM1,-3.39629564708
PLA2R1,-3.39791115977
ELMOD3,-3.39802438403
METTL4,-3.3982549782
ZBTB49,-3.40269548339
HOXA5,-3.40331233052
XKR9,-3.40728093533
CYP1B1-AS1,-3.40730118588
ACTR1B,-3.40845802602
PTGES2,-3.41194065493
KRT18,-3.41233208363
COX5B,-3.4184306587
VCX2,-3.42092683679
TCHP,-3.42308270006
ACOT4,-3.42490511206
FNDC4,-3.42659804984
GTF3A,-3.42972501697
NPY2R,-3.43133696102
GALK1,-3.43329177137
HIST1H4K,-3.43369430659
HIST1H2AE,-3.43433312447
SCN1A,-3.43538442792
REXO4,-3.43706859263
IPCEF1,-3.43781419508
PRPF4B,-3.43851544
MMS22L,-3.44021704604
GCNA,-3.44277013803
DHX16,-3.44301461388
ELOVL4,-3.44568104039
TM9SF2,-3.44721168994
EPN3,-3.44744730263
LIN54,-3.44863357796
IDE,-3.4496010097
KIF15,-3.45183348559
C4orf3,-3.45323343994
WDR97,-3.45840817589
RIPPLY3,-3.46919368364
HAUS8,-3.47086561794
NKTR,-3.47310469108
SLC39A8,-3.4732264577
MARCH2,-3.47539082708
ARL6IP5,-3.47636493342
SF3B4,-3.47884210119
NIPA1,-3.47897996248
TLE2,-3.47951144382
TTLL5,-3.48040413012
RSC1A1,-3.48154713681
RLF,-3.48180593015
CKMT1A,-3.48186724857
TMEM161B-AS1,-3.48208856078
ITPR1,-3.48373513783
ZNF317,-3.48463916844
ATP6V0A2,-3.4850057858
RELL2,-3.48766044482
DUS1L,-3.48808807728
FAM217B,-3.48922102479
ZNF30,-3.48994168233
MRPS30,-3.49017196163
CKB,-3.49111752905
GALNT13,-3.49553039965
TDRD1,-3.49624244075
ARL2,-3.49660839043
YOD1,-3.50066055234
ZNF175,-3.50189541391
EIF4A2,-3.50253971293
FBXO22,-3.50317104497
SUPT16H,-3.50539675925
ATP11B,-3.50565808482
FAM118A,-3.50611326043
LTN1,-3.50944153181
ATP13A3,-3.50980678604
KCTD9,-3.51006819822
ATP1A4,-3.51154578949
STRBP,-3.51180838393
CMBL,-3.51199199938
GALNT12,-3.5121101168
IL26,-3.51281602861
NRBF2,-3.51345211756
TPTE2P6,-3.5141253128
RTEL1,-3.51478567168
KLC2,-3.51659343361
IDH3G,-3.51792466472
RFT1,-3.51852482442
STAMBPL1,-3.52066170295
CDK19,-3.52078541755
WDYHV1,-3.52092369941
TMEM38A,-3.52337445126
CXorf56,-3.52374809951
LOC101928673,-3.52647833376
MAP3K12,-3.5267676097
SAC3D1,-3.52766859504
ACTL6B,-3.52818996306
FSD1,-3.53155921836
FLRT3,-3.53173099411
PDCD2,-3.53348912191
MTBP,-3.53381763785
CDKN1B,-3.53520469432
CCT4,-3.53564162455
RHBDL3,-3.53904163495
GPN2,-3.53924907224
TBCEL,-3.54113736376
CEP63,-3.54134260794
ZNF702P,-3.54176594198
XKR6,-3.5438177903
RNASEH1,-3.54408929844
MRPL1,-3.5451898727
PSMG2,-3.54574379431
RBBP8,-3.54769903581
PDS5A,-3.54935499838
PPP4R2,-3.55054788354
RBM23,-3.55317204678
ZCCHC6,-3.55487816544
PENK,-3.55812461829
NFXL1,-3.55845041483
CHFR,-3.55856361039
PARP6,-3.55895897247
DHX8,-3.56260224641
CPLX2,-3.56344783539
CCR10,-3.56561101352
ZNF791,-3.56862098812
VPS11,-3.56980576822
CTSC,-3.57212712092
KIF11,-3.57507978229
EXOSC5,-3.57602592871
SRCAP,-3.57636492243
FAM216A,-3.57714788417
CCDC61,-3.57965663024
STXBP1,-3.58079246758
CDC42EP3,-3.58164156248
OSBPL10,-3.58230708002
PHF6,-3.58275308454
ARG2,-3.58398016936
ZNF586,-3.58778175225
TPGS1,-3.58937971288
ENTPD7,-3.5899393055
CAMK2B,-3.59398246329
SFSWAP,-3.59469999184
CRTC3,-3.5974955627
RASSF7,-3.60499229981
PAXIP1,-3.60932655912
BUB1B,-3.60948196195
NUAK1,-3.60961946529
LINC01637,-3.6107602857
ARNTL2,-3.61189827154
INA,-3.61312635408
MATK,-3.61403982659
RAB26,-3.6147670607
GABRG3,-3.6173453742
ZDHHC13,-3.61867958015
AP5M1,-3.61877268101
PCDH11X,-3.62539334866
CYTH2,-3.62657969227
COX10,-3.62900474403
CCDC14,-3.62976845094
DPY19L2P2,-3.63010015812
RAD51C,-3.63045058126
NUP50,-3.63372403689
HNRNPL,-3.63441187658
YPEL4,-3.63492271855
CCNI,-3.63586037031
MZF1,-3.63667249091
OIP5-AS1,-3.63695148923
FAM133B,-3.63842449302
ACTL8,-3.63964603869
NCOA3,-3.63973475723
BUD13,-3.64097181247
RANGRF,-3.64118199952
SMIM13,-3.64191540503
RAB12,-3.64210732802
NGDN,-3.64596646006
PCSK1,-3.64831821994
RAB37,-3.64955077335
NR3C1,-3.65071837836
PNPO,-3.65465984486
POU6F1,-3.65556012523
UNKL,-3.65680428586
ZNF347,-3.65692977916
TIMM23B,-3.66018083425
HEATR3,-3.66081926681
TAS2R31,-3.66394282385
MPP7,-3.66485324107
TTC31,-3.66742554463
MAIP1,-3.66758975547
C20orf196,-3.66869816981
CEP19,-3.66940235044
SDHA,-3.67065086868
CACNB4,-3.67562151274
TRAPPC2B,-3.67656140771
PIGX,-3.67743964676
CHRM1,-3.68146024399
COMMD8,-3.68285028416
NR1D2,-3.68405267
TAS2R43,-3.68475304817
PTGS2,-3.68785077782
C17orf75,-3.68875582657
CYB5R4,-3.69126557593
NPR2,-3.69190422138
LINC00482,-3.69234917494
NUP35,-3.69322769352
C1orf74,-3.69337431066
WDR55,-3.6938358425
SHD,-3.69410881071
ATP11A,-3.69490372211
OR2L8,-3.69519078552
PELI3,-3.69680541577
ABCB10,-3.6969778231
BARD1,-3.69807286416
FAM78B,-3.69866741125
IP6K1,-3.70103589721
ANK1,-3.70131501553
TTC21B,-3.70178448005
GRIN1,-3.70252649339
PLIN4,-3.70365517547
ZNF566,-3.7042521417
LOC283788,-3.70516136716
HOXD9,-3.70835851421
GTF2A1,-3.709305586
GLS2,-3.70934548181
SCG5,-3.70956415336
VPS13A,-3.71590358326
ZNF821,-3.71615562811
KCNJ6,-3.7171371498
WHRN,-3.72322681595
SGF29,-3.72422515789
ARHGAP9,-3.72742583356
GNL2,-3.72824654189
ZKSCAN8,-3.72907038813
GNPNAT1,-3.73070500955
SIKE1,-3.73951852973
LIN52,-3.74418019818
LINC01011,-3.74535468616
CLASP2,-3.74544602382
EPB41,-3.74862489508
ZC3HC1,-3.74902610598
FOCAD,-3.75468162429
CTSK,-3.75968495981
RASSF4,-3.76186208707
AKAIN1,-3.76340846611
SNW1,-3.76738669486
PSMD7,-3.76750585333
PAX8,-3.76969637736
SIRT4,-3.7698332197
LGI3,-3.7708661651
MTERF3,-3.77288260236
HECW2,-3.77618210356
XPO4,-3.77627323257
CCDC51,-3.77714882172
RIMS2,-3.77716783919
TMEM160,-3.77767466648
ZFYVE19,-3.7815181304
BRCA1,-3.78971010912
KLF13,-3.79000783556
IGFBP2,-3.79276707161
MBTPS2,-3.79583478147
PIM1,-3.79603504062
RABL2A,-3.79737963302
FBXO45,-3.79855690425
C16orf86,-3.8001622292
PRSS56,-3.80104572506
PRC1,-3.80106975816
MRPS17,-3.80211581051
LRRC38,-3.8026614456
SPAG5,-3.80327883727
TOP1,-3.80374541299
PPARGC1A,-3.81380050373
MFF,-3.81384992147
EGFR-AS1,-3.81564813746
OR2L3,-3.819577714
COL5A1,-3.81988440145
SNHG14,-3.823366217
INO80E,-3.82471526937
RRP15,-3.82481192667
NUP93,-3.82519016441
PPP2R5D,-3.82575019959
PPIP5K2,-3.83139027251
FAM49B,-3.83404875295
ATG13,-3.83610156738
EZH2,-3.83826458399
ZNF441,-3.84034168567
TSPAN5,-3.84050688933
ARHGAP29,-3.84095994779
GABRG2,-3.84161563127
ATG4D,-3.84207621834
LOC400682,-3.84307942285
FBXO33,-3.84616327743
SLITRK3,-3.84647062434
RRP1,-3.84832845457
EMC9,-3.84898588012
CNTNAP5,-3.85348424367
PPM1A,-3.85624976204
MCRS1,-3.85692775645
CTNNAL1,-3.85916090575
PTPN4,-3.86240285655
LOC100129917,-3.86285782314
FAR2,-3.86344175684
SNAP25,-3.86391622183
FOXI3,-3.86449400549
ZBTB1,-3.86647756947
ACKR1,-3.86876620174
CLCN2,-3.87089869542
ZYX,-3.87245415851
ATAD2,-3.87510770348
CHD9,-3.87669752608
FAM131B,-3.87820996889
BECN1,-3.87865169263
ZNF37A,-3.87995823194
TFAM,-3.87997301561
ZNF687,-3.88047474573
PEX1,-3.88541677279
NCKIPSD,-3.88711643943
NFX1,-3.89381150976
CORO6,-3.89570991455
EFCAB7,-3.897973357
CCDC186,-3.89968720292
OR2L13,-3.90361028734
STX18-AS1,-3.90495111683
DEK,-3.90517667601
MSL2,-3.9053380342
PPP3CA,-3.90786361588
HSPA1L,-3.90859347301
TMEM145,-3.9098744804
KCNJ3,-3.91208172336
IL1RAPL1,-3.91496927663
ZNF446,-3.91547182864
SRPK1,-3.91869602704
ZNF442,-3.91937414049
GPX1,-3.91982963776
PHF19,-3.92006591998
PSMD6,-3.92087637475
SEPT8,-3.92100288499
MRS2,-3.92449871813
HIST1H1D,-3.92637665501
CISD2,-3.93171513795
SS18L2,-3.93388821018
TRMT61B,-3.93778515546
NAPSB,-3.93938555207
ZFY,-3.94197202521
PHAX,-3.94327890154
CUL4B,-3.94637608579
CCL27,-3.95102593601
SV2C,-3.95436621191
ZNF33A,-3.95467183295
ZNF879,-3.95674460959
MRPL16,-3.95754046869
GABPB1-IT1,-3.95955170347
CHCHD10,-3.95990871726
FOXP4,-3.96412593368
BCL11A,-3.96577045428
TRMU,-3.96663836373
MYADML2,-3.96739858408
PPP2R2C,-3.96773978396
BRWD3,-3.96834720577
PDIK1L,-3.97244654973
VSIG10,-3.97266545877
ATP2B2,-3.97285102052
VSNL1,-3.97469215029
MIS18BP1,-3.97877581809
GPAT3,-3.98073192905
HIST1H4J,-3.98365727619
HSPB6,-3.98611124668
RNF26,-3.99047927526
DENND4A,-3.99447055486
FAM95A,-3.99494670735
CCDC12,-3.99622504577
RNPEP,-3.9973001055
ZWILCH,-3.99868270376
HIST1H1A,-3.99942221083
APPBP2,-4.0012609496
USHBP1,-4.00342131606
TRIM32,-4.0054031745
SGO2,-4.01021419175
CD27-AS1,-4.01037589759
SLC4A10,-4.01693894873
GPATCH8,-4.0171527689
DPY19L2P1,-4.01795167907
STX1B,-4.02149669407
RMI1,-4.02218799502
KLHDC2,-4.02269956572
ARHGAP27P1,-4.02576616745
CABP1,-4.03095172722
VSTM2A,-4.0313874423
PTCHD4,-4.03865908877
PLCD4,-4.04329048118
VPS41,-4.04348338026
RPIA,-4.04381954733
RABGEF1,-4.04430253665
ZNF584,-4.04474635046
LYG1,-4.05031921748
CELF2,-4.05096397398
MAX,-4.05341191864
CNTRL,-4.05368588716
P2RX4,-4.05851990741
KDM5D,-4.06204070653
DCLRE1A,-4.0681574898
RNF34,-4.06868320347
PDIA5,-4.0694025223
BRINP1,-4.07115756818
RBM22,-4.07172217936
H2AFZ,-4.07426982234
ELF2,-4.07493226804
CLUHP3,-4.07584857984
VCPIP1,-4.07722393792
PHKG2,-4.07726630945
DAPK3,-4.0779198016
RBFOX1,-4.0812468871
BIN3-IT1,-4.08374941973
ZBED9,-4.08489499957
PEX13,-4.08689755455
WHAMMP3,-4.08761493998
CRYGS,-4.08762339218
CNNM1,-4.08811711054
LINC00476,-4.09159893242
LOC100505938,-4.0916493424
ALG3,-4.09307191962
SPTSSB,-4.09544391069
CARMIL2,-4.09757609875
EPB41L3,-4.09761022854
HMBS,-4.09800623736
CBLN4,-4.09881667405
ZRANB2,-4.10031607547
PPP2R5B,-4.1021350089
HIST4H4,-4.10338571263
MRPL58,-4.11069482586
ASPSCR1,-4.11575434218
P3H1,-4.11599386339
PPME1,-4.11860934074
ZNF511,-4.1286807443
ZNF180,-4.12970849955
RLN3,-4.13051354356
CACNA1D,-4.13204764789
PDE7A,-4.13299259126
JRK,-4.13746227716
ZNF540,-4.13797164147
RFPL3S,-4.14080602677
MICU3,-4.14205006029
CTNNA1,-4.14754628474
SACS,-4.1479753229
ADGRA1,-4.14834691444
TMEM169,-4.15005313787
CCDC59,-4.1507983683
ANKRD9,-4.15700902715
PCDHB15,-4.160543773
GPR137C,-4.16103340464
MGP,-4.16134314291
P3H3,-4.16202433231
RPGR,-4.16211650809
ERICH5,-4.16851283632
SLC4A9,-4.16898857795
LPGAT1,-4.17162695131
XBP1,-4.17197151213
KAT8,-4.1730363596
SARS2,-4.17545340117
ARFGAP1,-4.1755371857
BOD1L1,-4.17583800478
ST3GAL6,-4.17758733803
ZFP69B,-4.17815511009
NR1D1,-4.18048527113
ABTB1,-4.18337725394
TMEM161A,-4.18418078236
TAF4B,-4.18488987493
RNF168,-4.18620833549
MACROD1,-4.18702625681
FKRP,-4.18990437711
HOOK1,-4.19411717518
ZNF79,-4.19753643728
ATAD5,-4.19787113164
LOC100506124,-4.19949985053
CAMSAP3,-4.19987314177
PBX3,-4.2010331094
ANKZF1,-4.20151793608
PTPRD,-4.20163941812
ZCCHC10,-4.20458852054
EPHA5,-4.20479643536
YEATS4,-4.20493593852
ISM1,-4.21134124341
TAF5L,-4.21138487418
NDUFA4,-4.21387673317
ANKH,-4.21531506071
TENM4,-4.2160215368
GARS,-4.21798850243
LINC00652,-4.21949935777
ICA1,-4.21964567008
HYDIN2,-4.22055035161
SSX2IP,-4.22407063791
CCER2,-4.22502867983
CNFN,-4.22713515166
MIOS,-4.233499649
KCNC3,-4.24282350005
LOC389906,-4.24672912228
CHCHD7,-4.24719670425
HSPBAP1,-4.24817199127
RALY,-4.2493915022
U2AF1L4,-4.25014623938
PRKAG2-AS1,-4.2522989906
GSTT1,-4.25236905152
UVRAG,-4.25382949559
ADO,-4.25828663804
ANKRD36B,-4.26144461101
KLC4,-4.26299119869
NRG4,-4.26598767028
WFDC2,-4.26741238739
SPOPL,-4.26908964204
LOC730098,-4.27034816412
LIN28B,-4.27192811284
HDAC8,-4.2725547023
TARS,-4.27289259539
ANKS1B,-4.27305269215
ITPA,-4.27331883428
EPHA3,-4.27426455074
ISPD,-4.27461118699
MRM2,-4.27534038359
ASAH2,-4.27978261143
KCNC1,-4.28076845896
SPAG4,-4.28206369427
TIFA,-4.28714295141
ZNF132,-4.29162805365
POU6F2,-4.29776644996
MTMR14,-4.29857530785
WRAP73,-4.30143545698
INPP5F,-4.30572086577
EIF2S3,-4.30628594692
YPEL3,-4.30835257683
COX5A,-4.30882610472
METTL24,-4.31101696485
ZNF718,-4.31771823287
KDM1A,-4.32172917715
COMMD4,-4.32367169147
MYBPHL,-4.32378562408
NFRKB,-4.32538791483
LOC101928303,-4.32640600289
KCNH6,-4.32846706162
BID,-4.32860610502
URGCP,-4.32875588635
GLCCI1,-4.33643079792
CHCHD3,-4.3415560748
TRIM54,-4.34392310662
PCGF1,-4.34518088188
ADAMTS5,-4.34603648614
SLC24A2,-4.34774479393
CASP3,-4.35024162416
ST3GAL6-AS1,-4.35427284874
EIF1B,-4.3589446956
DGCR8,-4.36149244175
MRPL34,-4.36517265336
CAMKK1,-4.36747359476
DUSP12,-4.37260793724
PHYHIPL,-4.37261468166
LOC440300,-4.37828417526
KLHL4,-4.3818783207
CDH12,-4.38367641418
KDELC1,-4.38379611337
MKKS,-4.3858931475
PARPBP,-4.38723156874
ABCA6,-4.39051526773
LAPTM4B,-4.39126622118
MBNL2,-4.39264644213
LOC220729,-4.39466450778
ZFAND1,-4.39590215811
IBTK,-4.39741419666
BICDL2,-4.40125635541
RBFOX3,-4.40269874971
TMEM268,-4.40381901688
KAT6B,-4.41200355607
SLC38A2,-4.41807045069
SRFBP1,-4.42877442969
NARS2,-4.43232988853
FANCI,-4.43430531653
FAM209A,-4.44618417387
CASC1,-4.4466393237
EOGT,-4.45629627084
VAMP1,-4.45676894512
HCN1,-4.45774067267
RASA1,-4.45850789673
CACNG2,-4.46334439482
USP2,-4.4681046962
FAM209B,-4.46819676859
OCEL1,-4.47067400655
SRA1,-4.47073084975
NT5M,-4.47112444216
GTF3C3,-4.4854360912
NTHL1,-4.48693582719
RPS6KB1,-4.48736216188
MDGA2,-4.49261735816
MAML3,-4.49564950946
TFB2M,-4.50168623389
AMMECR1,-4.50394696414
ZNF32,-4.50455645026
GLRX,-4.5136576892
PUDP,-4.51975964939
VMP1,-4.52175040464
RP9,-4.52493190956
HAAO,-4.52630407057
ZNF487,-4.5367253317
HSPB9,-4.54346357753
FAM3C,-4.54458613281
RDH13,-4.5447117758
MCF2,-4.54545318442
AP1S3,-4.54876941387
CWF19L1,-4.55221219594
FAM76B,-4.55523447093
OSGEPL1,-4.55755765992
PP12613,-4.55886090517
TBCCD1,-4.56089742805
ITGA2B,-4.56876758453
TTC39B,-4.56977688996
DLG1,-4.57126613655
DCAF8,-4.580017968
PPL,-4.58506568422
ZC3H14,-4.58564503965
ZFP3,-4.58671672663
EIF5A2,-4.58674028605
KRIT1,-4.58712961577
LY6G5B,-4.58827850455
FBXO32,-4.59111813289
GAS2,-4.59572166085
PIK3C3,-4.59768942465
EIF4E1B,-4.60383208986
ANKRD34C,-4.60460496154
VWA5B2,-4.60610682632
ASTE1,-4.60715848631
RORB,-4.60717108902
SERTAD4-AS1,-4.61095830674
AFAP1L1,-4.61541404314
MLLT10,-4.61602061303
ZNF48,-4.62892991334
KIF9-AS1,-4.63094967063
CTHRC1,-4.63472527639
RYR2,-4.64117115609
NECAB3,-4.64443789353
HERPUD1,-4.64460872319
STARD10,-4.64777930765
PCDHB14,-4.65527015308
RECQL,-4.65533026991
ZNF671,-4.65676376787
CLPX,-4.66260833107
CNOT6L,-4.66888734419
MCM3AP,-4.67644321845
CCNL1,-4.67825887902
CCR3,-4.68101936354
ASB13,-4.68722229372
UQCRH,-4.6916802771
LINC00672,-4.6993059571
FGF18,-4.70014665205
LCN6,-4.70255095454
RSRC1,-4.70356304034
PARVB,-4.7229111719
HIST1H1E,-4.72534908187
RND1,-4.72798861983
RNFT1,-4.730121914
DNA2,-4.73089078491
UBA3,-4.734523884
GRAP,-4.73588985543
N4BP3,-4.73995695231
LRR1,-4.74283101343
DPY19L2,-4.74423718084
GABRA4,-4.7444721012
ZDHHC18,-4.74633122438
ZNF454,-4.75217331573
ZNF7,-4.75524556314
RASSF1,-4.75635774798
SIRT5,-4.75907442718
IQSEC3,-4.75930789037
NAA50,-4.76165548803
NAA16,-4.76209512559
LINC01607,-4.76690559463
NDUFAF5,-4.77129060331
LARP6,-4.7719428235
PATJ,-4.77999517647
KIF9,-4.78868761535
CCDC47,-4.78891153069
ZNF35,-4.7931551807
MIB2,-4.79429760274
TGM1,-4.79432080104
SLC16A14,-4.80051556799
ADAM22,-4.80110157331
ANGEL2,-4.81580845391
MED21,-4.81884268073
FRG1JP,-4.82134587459
MTRF1,-4.82516469602
LRRC37A4P,-4.82766929209
NAALAD2,-4.8355375888
PSPC1,-4.84092585703
SLC38A6,-4.84233814327
NUP54,-4.8504773837
TEDC2,-4.85749023463
EEPD1,-4.86480232312
SLC17A6,-4.86686117194
ZNF131,-4.86757451247
DCUN1D2,-4.86759570073
LOC728743,-4.87368273901
REX1BD,-4.8786799844
FANCD2,-4.88280923176
SAAL1,-4.8840528154
ZFYVE9,-4.88656215448
TNNC2,-4.88856111826
HELQ,-4.89159297361
AFG1L,-4.89592994866
JMJD6,-4.89658172302
HTR1F,-4.90009174965
CRABP1,-4.90184798562
PINX1,-4.9020101675
FAP,-4.9042034277
ADAM9,-4.90477822933
MAD1L1,-4.90481429975
MATN4,-4.90698406018
SERTAD4,-4.9133838738
ANKRD62,-4.9179772963
CAMK1,-4.91984800403
FGF9,-4.92101106502
IDI2-AS1,-4.92548777602
ZNF77,-4.92588961956
ZBTB24,-4.92685639492
KIN,-4.94409495483
LXN,-4.94476271672
MRPL33,-4.95370216476
PACSIN3,-4.95373890763
ASCC2,-4.95383247701
KYAT1,-4.96139339538
RPAP2,-4.97225517225
FGF14,-4.97572096336
SLC35G5,-4.98211767932
PDGFD,-4.98906780215
BDP1,-4.99190851575
COQ3,-4.99445310395
HIST1H4F,-4.99864836928
FASTKD3,-5.00088027312
KLF9,-5.00144046052
LINC00963,-5.00981240336
ZSWIM4,-5.00993086946
MAP10,-5.01531473045
REEP6,-5.02278840115
FAM92A,-5.03122426943
ZNF268,-5.03259847575
GDPGP1,-5.0333133716
GLA,-5.03379429927
GUSBP4,-5.0376726353
CREBRF,-5.05245790563
KIZ,-5.05865573795
TMTC4,-5.06262360983
PAH,-5.0651033456
BRIX1,-5.06799669086
GTF2H4,-5.07077433178
CLK2P1,-5.07109041195
ZIM2,-5.08029682349
PRMT9,-5.09005336935
HACD2,-5.09161649447
RRNAD1,-5.09256283582
NUDT6,-5.09421264257
LOC100128361,-5.09462491302
CDYL,-5.09542128116
THAP3,-5.0971104693
SPHK1,-5.10159766765
CPSF1,-5.10196746915
WDR70,-5.10672720611
MKX,-5.11063289271
MOCS1,-5.111694112
AHI1,-5.12802397548
METTL15,-5.13324301754
ECM1,-5.16548405114
FBXO9,-5.16685757184
ATG16L1,-5.16781994269
GPAT4,-5.17055059323
CCDC122,-5.18456809369
USP33,-5.19138406004
RPS6KL1,-5.1918633005
POLE3,-5.19547072225
SEMA7A,-5.20153880627
CENPBD1,-5.21644847357
FMOD,-5.21728666021
SCN1B,-5.2178452744
FAM98B,-5.22106875494
SLC25A12,-5.22407491162
CHGA,-5.22408792168
GK3P,-5.23117824055
UBE2G1,-5.23274823706
G2E3,-5.23763770881
NIF3L1,-5.23861613316
NKRF,-5.24358622217
MTFP1,-5.24449737161
HS3ST1,-5.25076427096
C16orf45,-5.25857697414
RBM15,-5.26005654621
ISLR,-5.27552670678
GPR158,-5.27995452193
ZBTB8OS,-5.28948488374
ZHX1,-5.29083009074
MAP9,-5.29498303302
ADM,-5.29895704896
GRWD1,-5.30022314139
PCDH7,-5.30520340895
ZBTB38,-5.30680043849
CORO7,-5.31138594441
BRD8,-5.31793262718
CCDC136,-5.32970859191
EIF4E3,-5.33274637223
KBTBD3,-5.33293451697
EID3,-5.33392907054
LOC285074,-5.33814299047
TUBD1,-5.34642734959
DXO,-5.35088521459
POLR3D,-5.35287620655
ZNF433,-5.35666804435
TAF11,-5.35870591461
USPL1,-5.36415800014
ZNF484,-5.36838756379
ZNF526,-5.37108560343
KRI1,-5.37752647127
ARMC7,-5.39612354947
TRMT9B,-5.39663829762
ESRRG,-5.39891359575
GPLD1,-5.40238295772
KCND3,-5.41852710855
KCTD8,-5.4265032436
MED17,-5.42967534762
ZBED5,-5.43098338403
TACC3,-5.4357531186
ZC3H10,-5.4385877274
FLYWCH1,-5.44215568267
INTS9,-5.44296935697
ANK3,-5.44536858622
C9orf3,-5.44716604547
CEP152,-5.45064000679
ABCC1,-5.45504565693
NPAS1,-5.46560728577
CAD,-5.46580112848
ALKBH2,-5.4665540818
BHLHE41,-5.46769841398
TK1,-5.47231395541
GNAS,-5.49418367492
KIF4B,-5.49751085532
CEP192,-5.5077093407
CS,-5.51975913166
ARMT1,-5.52461130681
UGCG,-5.52603712118
TTI2,-5.54670097416
ZNF222,-5.57765306404
SLC38A9,-5.57975486313
AFG3L2,-5.58709390193
VPS37A,-5.59254283323
RASD2,-5.60151616917
VAV3,-5.60311377678
MANSC1,-5.60649581666
WDHD1,-5.61245634229
RMND1,-5.61466515493
SLC22A23,-5.61495112962
ZNF776,-5.61747944909
HIST1H4H,-5.62000182516
ZSWIM3,-5.63244780463
CDCA8,-5.635577483
ZNF8,-5.63906189744
FAM13B,-5.63994378069
MOGAT2,-5.65243133913
MRGBP,-5.66283327451
KLHL28,-5.66576123448
CCDC152,-5.66890272202
ADCY1,-5.67351336376
CFB,-5.67723505934
ASAH2B,-5.68041801626
ZNF266,-5.70986744893
PRICKLE1,-5.7105450469
WDR53,-5.71554041877
CPNE9,-5.71601261938
KCNAB3,-5.71806447496
ERMP1,-5.72647178107
TARBP2,-5.72797932762
ZNF136,-5.74362088774
FAM185A,-5.75683763458
ODF2L,-5.77133355869
ECD,-5.77536863286
KMT2E,-5.7824891658
RACGAP1P,-5.78985445343
ZNF394,-5.79306601835
HELB,-5.81144583418
ZNF774,-5.82052330332
USP13,-5.83036499077
NSMCE2,-5.84019803624
FOXP1,-5.86233664959
COX7A1,-5.87219200766
UBA5,-5.88060295599
TBR1,-5.88282776581
C18orf21,-5.8831419116
HSPA14,-5.88763899736
IREB2,-5.89000300274
RPS6KA3,-5.89601401985
C17orf100,-5.89631779107
HIST1H4I,-5.896629999
OLR1,-5.90036614033
ZNF281,-5.91822997759
CDIPT-AS1,-5.93049611775
EML6,-5.93056348506
POSTN,-5.94590055536
MRPS31,-5.95306976132
AVPI1,-5.95974670992
SUZ12,-5.96662251271
AIP,-5.96805315152
UCHL5,-5.97386553875
SAMD12,-5.98433148852
CDH7,-6.0099352113
CADPS2,-6.02525335056
OCIAD2,-6.027313763
TUBGCP5,-6.04008639672
ZNF565,-6.04845456826
BLMH,-6.07644393711
SCLT1,-6.08976912354
ARHGAP10,-6.09288254041
AR,-6.09716881606
FMN1,-6.10560117119
SPEF1,-6.15483125758
LINC01405,-6.15542982359
CDR2L,-6.16741413596
PAX8-AS1,-6.17490909794
HERC6,-6.18564188384
AQP7,-6.19218238467
HIST1H4E,-6.19472410984
TRPM7,-6.20917128917
SLC15A4,-6.21445207845
STAM,-6.22264837982
SMC2,-6.27169455574
UPP1,-6.27502649903
STS,-6.28911291222
ZNF232,-6.29092254709
SDHAF2,-6.30695599866
MC1R,-6.32557675974
UBE2QL1,-6.35837534912
PRMT7,-6.36421173178
PVALB,-6.367540598
HIST1H4A,-6.37271757022
COL13A1,-6.37519011408
SNHG1,-6.39419149571
ARAP2,-6.41127079224
BMS1P4,-6.41252135073
STX8,-6.41564848162
FAM71E1,-6.43865441014
EIF2A,-6.44503439817
ZNF567,-6.44614442481
SOCS5,-6.45119758948
LURAP1L,-6.45163911598
IRF3,-6.47228818992
DYRK4,-6.48890159033
HAUS6,-6.49644264926
WNT2B,-6.49863969944
DEPTOR,-6.54128595078
HSD17B11,-6.62704395263
C12orf57,-6.62722409072
NFYB,-6.63662040155
ERO1A,-6.66257478174
LRRN3,-6.6641268611
RHOT2,-6.68589815239
HECTD1,-6.71665321032
ITGB3BP,-6.71973270664
TTTY15,-6.74023290895
EHD2,-6.74064095814
PIK3CB,-6.77623639836
ZFP14,-6.78890002044
DDX3Y,-6.80803258965
RNPC3,-6.81125976237
PPIEL,-6.81755203935
ATR,-6.82008151794
MAD2L1,-6.85618711598
RFC4,-6.86528451898
ZMYM2,-6.92333071589
GUCA2B,-6.92642066888
EIF1AX,-6.94551774997
PPIL3,-6.95311749817
SPATA22,-6.95946341096
HIVEP2,-6.97114327432
FAM43A,-7.03039225242
ZMYM6,-7.03498508359
ZNF12,-7.05056747168
RCN3,-7.05159448586
MAGI3,-7.06462437348
HELLS,-7.12174196382
ZKSCAN4,-7.12213898429
LTB,-7.13073516655
PYM1,-7.14137695436
COIL,-7.14311782277
TPRKB,-7.14816338354
FANCM,-7.21215590288
C16orf72,-7.2155836338
RPP25,-7.21696646383
GATAD2B,-7.24232913943
LINC01102,-7.2938911717
TCHH,-7.31155151903
MYH7B,-7.31537936989
CNNM2,-7.41502557771
RSPO2,-7.44697754281
MYO19,-7.54044066065
L2HGDH,-7.55857358952
NR2C1,-7.56978726908
FCHO1,-7.60346112938
RPRML,-7.7295257038
TUBE1,-7.77517030187
LAG3,-7.89516038878
PRIM1,-7.89780840985
CUL3,-7.92952984849
DNAJC28,-7.96115735093
FBN1,-8.25325125983
MIS18A,-8.33394022155
ZNF653,-8.40559890435
MCM8,-8.44616581492
VWC2L,-8.78296597606
MYSM1,-8.81232367528
CLGN,-8.81246060255
PIGC,-8.96396837166
ZNF34,-9.21141234417
TSPAN1,-9.45113397559
ADGRL2,-9.72786677864
FOXP2,-11.1407958391
